{
    "$schema": "https://schema.management.azure.com/schemas/2015-01-01/deploymentTemplate.json#",
    "contentVersion": "1.0.0.0",
    "parameters": {
        "virtualNetworks_DemoNetwork_name": {
            "defaultValue": "DemoNetwork",
            "type": "String"
        }
    },
    "variables": {},
    "resources": [
        {
            "type": "Microsoft.Network/virtualNetworks",
            "apiVersion": "2019-02-01",
            "name": "[parameters('virtualNetworks_DemoNetwork_name')]",
            "location": "eastus2",
            "properties": {
                "provisioningState": "Succeeded",
                "resourceGuid": "8a2e7300-0b65-4bdf-857c-50b468c7552b",
                "addressSpace": {
                    "addressPrefixes": [
                        "10.57.0.0/16"
                    ]
                },
                "subnets": [
                    {
                        "name": "BackEnd",
                        "etag": "W/\"0633d596-80c3-440c-be2b-62cacc3e5542\"",
                        "properties": {
                            "provisioningState": "Succeeded",
                            "addressPrefix": "10.57.0.0/24",
                            "delegations": []
                        }
                    }
                ],
                "virtualNetworkPeerings": [],
                "enableDdosProtection": false,
                "enableVmProtection": false
            }
        },
        {
            "type": "Microsoft.Network/virtualNetworks/subnets",
            "apiVersion": "2019-02-01",
            "name": "[concat(parameters('virtualNetworks_DemoNetwork_name'), '/BackEnd')]",
            "dependsOn": [
                "[resourceId('Microsoft.Network/virtualNetworks', parameters('virtualNetworks_DemoNetwork_name'))]"
            ],
            "properties": {
                "provisioningState": "Succeeded",
                "addressPrefix": "10.57.0.0/24",
                "delegations": []
            }
        }
    ]
}